student_id,畢業年度,班級_原始,班級_標準,座號,統測報名序號,報考群類
112-商經332,112,商經三三,133,32.0,商經332,09商業與管理群
112-商經333,112,商經三三,133,33.0,商經333,09商業與管理群
112-商經334,112,商經三三,133,34.0,商經334,09商業與管理群
112-商經335,112,商經三三,133,35.0,商經335,09商業與管理群
112-商經336,112,商經三三,133,36.0,商經336,09商業與管理群
112-商經401,112,商經三四,134,1.0,商經401,09商業與管理群
112-商經402,112,商經三四,134,2.0,商經402,09商業與管理群
112-商經403,112,商經三四,134,3.0,商經403,09商業與管理群
112-商經404,112,商經三四,134,4.0,商經404,09商業與管理群
112-商經405,112,商經三四,134,5.0,商經405,09商業與管理群
112-商經406,112,商經三四,134,6.0,商經406,09商業與管理群
112-商經407,112,商經三四,134,7.0,商經407,09商業與管理群
112-商經408,112,商經三四,134,8.0,商經408,09商業與管理群
112-商經409,112,商經三四,134,9.0,商經409,09商業與管理群
112-商經410,112,商經三四,134,10.0,商經410,09商業與管理群
112-商經101,112,商經三一,131,1.0,商經101,09商業與管理群
112-商經413,112,商經三四,134,13.0,商經413,09商業與管理群
112-商經414,112,商經三四,134,14.0,商經414,09商業與管理群
112-商經415,112,商經三四,134,15.0,商經415,07設計群
112-商經416,112,商經三四,134,16.0,商經416,09商業與管理群
112-商經418,112,商經三四,134,18.0,商經418,09商業與管理群
112-商經419,112,商經三四,134,19.0,商經419,09商業與管理群
112-商經420,112,商經三四,134,20.0,商經420,09商業與管理群
112-商經421,112,商經三四,134,21.0,商經421,09商業與管理群
112-商經422,112,商經三四,134,22.0,商經422,09商業與管理群
112-商經423,112,商經三四,134,23.0,商經423,09商業與管理群
112-商經424,112,商經三四,134,24.0,商經424,09商業與管理群
112-商經426,112,商經三四,134,26.0,商經426,09商業與管理群
112-商經427,112,商經三四,134,27.0,商經427,09商業與管理群
112-商經428,112,商經三四,134,28.0,商經428,09商業與管理群
112-商經429,112,商經三四,134,29.0,商經429,09商業與管理群
112-商經430,112,商經三四,134,30.0,商經430,09商業與管理群
112-商經431,112,商經三四,134,31.0,商經431,09商業與管理群
112-商經432,112,商經三四,134,32.0,商經432,09商業與管理群
112-商經433,112,商經三四,134,33.0,商經433,09商業與管理群
112-商經434,112,商經三四,134,34.0,商經434,09商業與管理群
112-商經435,112,商經三四,134,35.0,商經435,09商業與管理群
112-國貿102,112,國貿三一,231,2.0,國貿102,09商業與管理群
112-國貿104,112,國貿三一,231,4.0,國貿104,09商業與管理群
112-國貿105,112,國貿三一,231,5.0,國貿105,09商業與管理群
112-國貿106,112,國貿三一,231,6.0,國貿106,09商業與管理群
112-國貿107,112,國貿三一,231,7.0,國貿107,09商業與管理群
112-國貿108,112,國貿三一,231,8.0,國貿108,09商業與管理群
112-國貿109,112,國貿三一,231,9.0,國貿109,09商業與管理群
112-國貿111,112,國貿三一,231,11.0,國貿111,09商業與管理群
112-國貿112,112,國貿三一,231,12.0,國貿112,09商業與管理群
112-國貿113,112,國貿三一,231,13.0,國貿113,09商業與管理群
112-國貿114,112,國貿三一,231,14.0,國貿114,09商業與管理群
112-國貿115,112,國貿三一,231,15.0,國貿115,09商業與管理群
112-國貿116,112,國貿三一,231,16.0,國貿116,09商業與管理群
112-國貿117,112,國貿三一,231,17.0,國貿117,09商業與管理群
112-國貿118,112,國貿三一,231,18.0,國貿118,09商業與管理群
112-國貿119,112,國貿三一,231,19.0,國貿119,09商業與管理群
112-國貿120,112,國貿三一,231,20.0,國貿120,09商業與管理群
112-國貿123,112,國貿三一,231,23.0,國貿123,09商業與管理群
112-國貿124,112,國貿三一,231,24.0,國貿124,09商業與管理群
112-國貿125,112,國貿三一,231,25.0,國貿125,10衛生與護理類
112-國貿127,112,國貿三一,231,27.0,國貿127,09商業與管理群
112-國貿128,112,國貿三一,231,28.0,國貿128,05化工群
112-國貿129,112,國貿三一,231,29.0,國貿129,09商業與管理群
112-國貿131,112,國貿三一,231,31.0,國貿131,09商業與管理群
112-國貿132,112,國貿三一,231,32.0,國貿132,09商業與管理群
112-國貿133,112,國貿三一,231,33.0,國貿133,09商業與管理群
112-國貿134,112,國貿三一,231,34.0,國貿134,09商業與管理群
112-國貿135,112,國貿三一,231,35.0,國貿135,09商業與管理群
112-國貿201,112,國貿三二,232,1.0,國貿201,09商業與管理群
112-國貿202,112,國貿三二,232,2.0,國貿202,16外語群日語類
112-國貿203,112,國貿三二,232,3.0,國貿203,09商業與管理群
112-國貿204,112,國貿三二,232,4.0,國貿204,09商業與管理群
112-國貿205,112,國貿三二,232,5.0,國貿205,09商業與管理群
112-國貿206,112,國貿三二,232,6.0,國貿206,16外語群日語類
112-國貿207,112,國貿三二,232,7.0,國貿207,09商業與管理群
112-國貿208,112,國貿三二,232,8.0,國貿208,09商業與管理群
112-國貿209,112,國貿三二,232,9.0,國貿209,09商業與管理群
112-國貿210,112,國貿三二,232,10.0,國貿210,09商業與管理群
112-國貿211,112,國貿三二,232,11.0,國貿211,09商業與管理群
112-國貿212,112,國貿三二,232,12.0,國貿212,09商業與管理群
112-國貿213,112,國貿三二,232,13.0,國貿213,09商業與管理群
112-國貿214,112,國貿三二,232,14.0,國貿214,09商業與管理群
112-國貿215,112,國貿三二,232,15.0,國貿215,09商業與管理群
112-國貿216,112,國貿三二,232,16.0,國貿216,09商業與管理群
112-國貿217,112,國貿三二,232,17.0,國貿217,09商業與管理群
112-國貿218,112,國貿三二,232,18.0,國貿218,09商業與管理群
112-國貿220,112,國貿三二,232,20.0,國貿220,09商業與管理群
112-國貿221,112,國貿三二,232,21.0,國貿221,09商業與管理群
112-國貿222,112,國貿三二,232,22.0,國貿222,09商業與管理群
112-國貿223,112,國貿三二,232,23.0,國貿223,09商業與管理群
112-國貿224,112,國貿三二,232,24.0,國貿224,09商業與管理群
112-國貿225,112,國貿三二,232,25.0,國貿225,09商業與管理群
112-國貿226,112,國貿三二,232,26.0,國貿226,10衛生與護理類
112-國貿227,112,國貿三二,232,27.0,國貿227,09商業與管理群
112-國貿228,112,國貿三二,232,28.0,國貿228,09商業與管理群
112-國貿229,112,國貿三二,232,29.0,國貿229,09商業與管理群
112-國貿230,112,國貿三二,232,30.0,國貿230,09商業與管理群
112-國貿231,112,國貿三二,232,31.0,國貿231,15外語群英語類
112-國貿232,112,國貿三二,232,32.0,國貿232,09商業與管理群
112-國貿233,112,國貿三二,232,33.0,國貿233,09商業與管理群
112-國貿234,112,國貿三二,232,34.0,國貿234,53商管外語群(一)
112-國貿301,112,國貿三三,233,1.0,國貿301,09商業與管理群
112-國貿302,112,國貿三三,233,2.0,國貿302,09商業與管理群
112-國貿303,112,國貿三三,233,3.0,國貿303,09商業與管理群
112-國貿304,112,國貿三三,233,4.0,國貿304,09商業與管理群
112-國貿305,112,國貿三三,233,5.0,國貿305,09商業與管理群
112-國貿306,112,國貿三三,233,6.0,國貿306,09商業與管理群
112-國貿307,112,國貿三三,233,7.0,國貿307,09商業與管理群
112-國貿308,112,國貿三三,233,8.0,國貿308,09商業與管理群
112-國貿309,112,國貿三三,233,9.0,國貿309,09商業與管理群
112-國貿310,112,國貿三三,233,10.0,國貿310,09商業與管理群
112-國貿311,112,國貿三三,233,11.0,國貿311,09商業與管理群
112-國貿312,112,國貿三三,233,12.0,國貿312,09商業與管理群
112-國貿313,112,國貿三三,233,13.0,國貿313,09商業與管理群
112-國貿315,112,國貿三三,233,15.0,國貿315,15外語群英語類
112-國貿316,112,國貿三三,233,16.0,國貿316,09商業與管理群
112-國貿317,112,國貿三三,233,17.0,國貿317,09商業與管理群
112-國貿318,112,國貿三三,233,18.0,國貿318,09商業與管理群
112-國貿319,112,國貿三三,233,19.0,國貿319,09商業與管理群
112-國貿320,112,國貿三三,233,20.0,國貿320,09商業與管理群
112-國貿321,112,國貿三三,233,21.0,國貿321,09商業與管理群
112-國貿322,112,國貿三三,233,22.0,國貿322,09商業與管理群
112-國貿323,112,國貿三三,233,23.0,國貿323,09商業與管理群
112-國貿324,112,國貿三三,233,24.0,國貿324,09商業與管理群
112-國貿325,112,國貿三三,233,25.0,國貿325,09商業與管理群
112-國貿326,112,國貿三三,233,26.0,國貿326,53商管外語群(一)
112-國貿327,112,國貿三三,233,27.0,國貿327,09商業與管理群
112-國貿328,112,國貿三三,233,28.0,國貿328,09商業與管理群
112-國貿329,112,國貿三三,233,29.0,國貿329,09商業與管理群
112-國貿330,112,國貿三三,233,30.0,國貿330,09商業與管理群
112-國貿331,112,國貿三三,233,31.0,國貿331,09商業與管理群
112-國貿332,112,國貿三三,233,32.0,國貿332,09商業與管理群
112-國貿333,112,國貿三三,233,33.0,國貿333,09商業與管理群
112-國貿334,112,國貿三三,233,34.0,國貿334,09商業與管理群
112-國貿335,112,國貿三三,233,35.0,國貿335,09商業與管理群
112-國貿401,112,國貿三四,234,1.0,國貿401,09商業與管理群
112-國貿402,112,國貿三四,234,2.0,國貿402,09商業與管理群
112-國貿403,112,國貿三四,234,3.0,國貿403,09商業與管理群
112-國貿404,112,國貿三四,234,4.0,國貿404,09商業與管理群
112-國貿405,112,國貿三四,234,5.0,國貿405,09商業與管理群
112-國貿406,112,國貿三四,234,6.0,國貿406,09商業與管理群
112-國貿407,112,國貿三四,234,7.0,國貿407,09商業與管理群
112-國貿408,112,國貿三四,234,8.0,國貿408,09商業與管理群
112-國貿409,112,國貿三四,234,9.0,國貿409,09商業與管理群
112-國貿410,112,國貿三四,234,10.0,國貿410,09商業與管理群
112-國貿411,112,國貿三四,234,11.0,國貿411,09商業與管理群
112-國貿412,112,國貿三四,234,12.0,國貿412,09商業與管理群
112-國貿413,112,國貿三四,234,13.0,國貿413,09商業與管理群
112-國貿414,112,國貿三四,234,14.0,國貿414,09商業與管理群
112-國貿416,112,國貿三四,234,16.0,國貿416,09商業與管理群
112-國貿417,112,國貿三四,234,17.0,國貿417,09商業與管理群
112-國貿419,112,國貿三四,234,19.0,國貿419,09商業與管理群
112-國貿420,112,國貿三四,234,20.0,國貿420,09商業與管理群
112-國貿422,112,國貿三四,234,22.0,國貿422,09商業與管理群
112-國貿423,112,國貿三四,234,23.0,國貿423,09商業與管理群
112-國貿424,112,國貿三四,234,24.0,國貿424,09商業與管理群
112-國貿425,112,國貿三四,234,25.0,國貿425,09商業與管理群
112-國貿428,112,國貿三四,234,28.0,國貿428,09商業與管理群
112-國貿430,112,國貿三四,234,30.0,國貿430,09商業與管理群
112-國貿431,112,國貿三四,234,31.0,國貿431,09商業與管理群
112-國貿433,112,國貿三四,234,33.0,國貿433,09商業與管理群
112-國貿436,112,國貿三四,234,36.0,國貿436,09商業與管理群
112-國貿501,112,國貿三五,235,1.0,國貿501,09商業與管理群
112-國貿502,112,國貿三五,235,2.0,國貿502,09商業與管理群
112-國貿503,112,國貿三五,235,3.0,國貿503,09商業與管理群
112-國貿505,112,國貿三五,235,5.0,國貿505,09商業與管理群
112-國貿508,112,國貿三五,235,8.0,國貿508,09商業與管理群
112-國貿509,112,國貿三五,235,9.0,國貿509,09商業與管理群
112-國貿510,112,國貿三五,235,10.0,國貿510,09商業與管理群
112-國貿511,112,國貿三五,235,11.0,國貿511,09商業與管理群
112-國貿512,112,國貿三五,235,12.0,國貿512,09商業與管理群
112-國貿513,112,國貿三五,235,13.0,國貿513,09商業與管理群
112-國貿516,112,國貿三五,235,16.0,國貿516,09商業與管理群
112-國貿517,112,國貿三五,235,17.0,國貿517,09商業與管理群
112-國貿518,112,國貿三五,235,18.0,國貿518,09商業與管理群
112-國貿519,112,國貿三五,235,19.0,國貿519,09商業與管理群
112-國貿520,112,國貿三五,235,20.0,國貿520,09商業與管理群
112-國貿521,112,國貿三五,235,21.0,國貿521,09商業與管理群
112-國貿522,112,國貿三五,235,22.0,國貿522,09商業與管理群
112-國貿523,112,國貿三五,235,23.0,國貿523,09商業與管理群
112-國貿524,112,國貿三五,235,24.0,國貿524,09商業與管理群
112-國貿525,112,國貿三五,235,25.0,國貿525,09商業與管理群
112-國貿526,112,國貿三五,235,26.0,國貿526,09商業與管理群
112-國貿527,112,國貿三五,235,27.0,國貿527,09商業與管理群
112-國貿528,112,國貿三五,235,28.0,國貿528,09商業與管理群
112-國貿529,112,國貿三五,235,29.0,國貿529,09商業與管理群
112-國貿530,112,國貿三五,235,30.0,國貿530,09商業與管理群
112-國貿531,112,國貿三五,235,31.0,國貿531,09商業與管理群
112-國貿532,112,國貿三五,235,32.0,國貿532,09商業與管理群
112-國貿533,112,國貿三五,235,33.0,國貿533,09商業與管理群
112-國貿534,112,國貿三五,235,34.0,國貿534,09商業與管理群
112-國貿535,112,國貿三五,235,35.0,國貿535,09商業與管理群
112-國貿536,112,國貿三五,235,36.0,國貿536,09商業與管理群
112-會計121,112,會計三一,331,21.0,會計121,09商業與管理群
112-會計123,112,會計三一,331,23.0,會計123,09商業與管理群
112-會計128,112,會計三一,331,28.0,會計128,09商業與管理群
112-會計130,112,會計三一,331,30.0,會計130,09商業與管理群
112-會計131,112,會計三一,331,31.0,會計131,09商業與管理群
112-會計132,112,會計三一,331,32.0,會計132,09商業與管理群
112-會計134,112,會計三一,331,34.0,會計134,09商業與管理群
112-會計135,112,會計三一,331,35.0,會計135,09商業與管理群
112-資料103,112,資料三一,431,3.0,資料103,09商業與管理群
112-資料104,112,資料三一,431,4.0,資料104,09商業與管理群
112-資料105,112,資料三一,431,5.0,資料105,09商業與管理群
112-資料106,112,資料三一,431,6.0,資料106,09商業與管理群
112-資料107,112,資料三一,431,7.0,資料107,09商業與管理群
112-資料109,112,資料三一,431,9.0,資料109,09商業與管理群
112-資料110,112,資料三一,431,10.0,資料110,09商業與管理群
112-資料112,112,資料三一,431,12.0,資料112,09商業與管理群
112-資料113,112,資料三一,431,13.0,資料113,09商業與管理群
112-資料114,112,資料三一,431,14.0,資料114,09商業與管理群
112-資料115,112,資料三一,431,15.0,資料115,09商業與管理群
112-資料116,112,資料三一,431,16.0,資料116,09商業與管理群
112-資料118,112,資料三一,431,18.0,資料118,09商業與管理群
112-資料119,112,資料三一,431,19.0,資料119,09商業與管理群
112-資料120,112,資料三一,431,20.0,資料120,09商業與管理群
112-資料121,112,資料三一,431,21.0,資料121,09商業與管理群
112-資料123,112,資料三一,431,23.0,資料123,09商業與管理群
112-資料124,112,資料三一,431,24.0,資料124,09商業與管理群
112-資料125,112,資料三一,431,25.0,資料125,09商業與管理群
112-資料126,112,資料三一,431,26.0,資料126,09商業與管理群
112-資料127,112,資料三一,431,27.0,資料127,09商業與管理群
112-資料128,112,資料三一,431,28.0,資料128,09商業與管理群
112-資料129,112,資料三一,431,29.0,資料129,09商業與管理群
112-資料130,112,資料三一,431,30.0,資料130,09商業與管理群
112-資料131,112,資料三一,431,31.0,資料131,09商業與管理群
112-資料133,112,資料三一,431,33.0,資料133,09商業與管理群
112-資料134,112,資料三一,431,34.0,資料134,09商業與管理群
112-資料135,112,資料三一,431,35.0,資料135,09商業與管理群
112-資料136,112,資料三一,431,36.0,資料136,09商業與管理群
112-資料137,112,資料三一,431,37.0,資料137,09商業與管理群
112-資料138,112,資料三一,431,38.0,資料138,09商業與管理群
112-資料139,112,資料三一,431,39.0,資料139,09商業與管理群
112-資料201,112,資料三二,432,1.0,資料201,09商業與管理群
112-資料202,112,資料三二,432,2.0,資料202,09商業與管理群
112-資料203,112,資料三二,432,3.0,資料203,09商業與管理群
112-資料205,112,資料三二,432,5.0,資料205,09商業與管理群
112-資料206,112,資料三二,432,6.0,資料206,09商業與管理群
112-資料207,112,資料三二,432,7.0,資料207,09商業與管理群
112-資料208,112,資料三二,432,8.0,資料208,09商業與管理群
112-資料209,112,資料三二,432,9.0,資料209,09商業與管理群
112-資料210,112,資料三二,432,10.0,資料210,09商業與管理群
112-資料211,112,資料三二,432,11.0,資料211,09商業與管理群
112-資料212,112,資料三二,432,12.0,資料212,53商管外語群(一)
112-資料213,112,資料三二,432,13.0,資料213,09商業與管理群
112-資料214,112,資料三二,432,14.0,資料214,09商業與管理群
112-資料215,112,資料三二,432,15.0,資料215,09商業與管理群
112-資料216,112,資料三二,432,16.0,資料216,09商業與管理群
112-資料217,112,資料三二,432,17.0,資料217,53商管外語群(一)
112-資料218,112,資料三二,432,18.0,資料218,09商業與管理群
112-資料219,112,資料三二,432,19.0,資料219,09商業與管理群
112-資料221,112,資料三二,432,21.0,資料221,53商管外語群(一)
112-資料222,112,資料三二,432,22.0,資料222,09商業與管理群
112-資料223,112,資料三二,432,23.0,資料223,09商業與管理群
112-資料224,112,資料三二,432,24.0,資料224,09商業與管理群
112-資料225,112,資料三二,432,25.0,資料225,09商業與管理群
112-資料227,112,資料三二,432,27.0,資料227,09商業與管理群
112-資料228,112,資料三二,432,28.0,資料228,09商業與管理群
112-資料229,112,資料三二,432,29.0,資料229,09商業與管理群
112-資料233,112,資料三二,432,33.0,資料233,09商業與管理群
112-資料235,112,資料三二,432,35.0,資料235,09商業與管理群
112-資料238,112,資料三二,432,38.0,資料238,09商業與管理群
112-資料239,112,資料三二,432,39.0,資料239,09商業與管理群
112-資料301,112,資料三三,433,1.0,資料301,12家政群幼保類
112-資料302,112,資料三三,433,2.0,資料302,09商業與管理群
112-資料303,112,資料三三,433,3.0,資料303,09商業與管理群
112-資料304,112,資料三三,433,4.0,資料304,09商業與管理群
112-資料305,112,資料三三,433,5.0,資料305,09商業與管理群
112-資料306,112,資料三三,433,6.0,資料306,09商業與管理群
112-資料307,112,資料三三,433,7.0,資料307,09商業與管理群
112-資料308,112,資料三三,433,8.0,資料308,09商業與管理群
112-資料309,112,資料三三,433,9.0,資料309,09商業與管理群
112-資料311,112,資料三三,433,11.0,資料311,09商業與管理群
112-資料313,112,資料三三,433,13.0,資料313,09商業與管理群
112-資料314,112,資料三三,433,14.0,資料314,09商業與管理群
112-資料315,112,資料三三,433,15.0,資料315,09商業與管理群
112-資料316,112,資料三三,433,16.0,資料316,09商業與管理群
112-資料317,112,資料三三,433,17.0,資料317,15外語群英語類
112-資料318,112,資料三三,433,18.0,資料318,09商業與管理群
112-資料319,112,資料三三,433,19.0,資料319,09商業與管理群
112-資料320,112,資料三三,433,20.0,資料320,09商業與管理群
112-資料321,112,資料三三,433,21.0,資料321,09商業與管理群
112-資料322,112,資料三三,433,22.0,資料322,09商業與管理群
112-資料323,112,資料三三,433,23.0,資料323,09商業與管理群
112-資料324,112,資料三三,433,24.0,資料324,09商業與管理群
112-資料325,112,資料三三,433,25.0,資料325,09商業與管理群
112-資料326,112,資料三三,433,26.0,資料326,09商業與管理群
112-資料327,112,資料三三,433,27.0,資料327,09商業與管理群
112-資料328,112,資料三三,433,28.0,資料328,09商業與管理群
112-資料329,112,資料三三,433,29.0,資料329,09商業與管理群
112-資料330,112,資料三三,433,30.0,資料330,09商業與管理群
112-資料331,112,資料三三,433,31.0,資料331,09商業與管理群
112-資料332,112,資料三三,433,32.0,資料332,09商業與管理群
112-資料333,112,資料三三,433,33.0,資料333,09商業與管理群
112-資料334,112,資料三三,433,34.0,資料334,09商業與管理群
112-資料335,112,資料三三,433,35.0,資料335,09商業與管理群
112-資料336,112,資料三三,433,36.0,資料336,09商業與管理群
112-綜職104,112,綜職三一,631,4.0,綜職104,04電機與電子群資電類
112-綜職108,112,綜職三一,631,8.0,綜職108,13家政群生活應用類
112-綜職205,112,綜職三二,632,5.0,綜職205,17餐旅群
112-綜高103,112,綜高三一,531,3.0,綜高103,08工程與管理類
112-綜高105,112,綜高三一,531,5.0,綜高105,10衛生與護理類
112-綜高106,112,綜高三一,531,6.0,綜高106,08工程與管理類
112-綜高107,112,綜高三一,531,7.0,綜高107,08工程與管理類
112-綜高108,112,綜高三一,531,8.0,綜高108,08工程與管理類
112-綜高114,112,綜高三一,531,14.0,綜高114,10衛生與護理類
112-綜高117,112,綜高三一,531,17.0,綜高117,08工程與管理類
112-綜高119,112,綜高三一,531,19.0,綜高119,15外語群英語類
112-綜高120,112,綜高三一,531,20.0,綜高120,14農業群
112-綜高122,112,綜高三一,531,22.0,綜高122,10衛生與護理類
112-綜高123,112,綜高三一,531,23.0,綜高123,10衛生與護理類
112-綜高126,112,綜高三一,531,26.0,綜高126,14農業群
112-綜高131,112,綜高三一,531,31.0,綜高131,10衛生與護理類
112-綜高205,112,綜高三二,532,5.0,綜高205,08工程與管理類
112-綜高206,112,綜高三二,532,6.0,綜高206,08工程與管理類
112-綜高207,112,綜高三二,532,7.0,綜高207,10衛生與護理類
112-綜高209,112,綜高三二,532,9.0,綜高209,10衛生與護理類
112-綜高210,112,綜高三二,532,10.0,綜高210,08工程與管理類
112-綜高211,112,綜高三二,532,11.0,綜高211,08工程與管理類
112-綜高216,112,綜高三二,532,16.0,綜高216,10衛生與護理類
112-綜高217,112,綜高三二,532,17.0,綜高217,08工程與管理類
112-綜高219,112,綜高三二,532,19.0,綜高219,10衛生與護理類
112-綜高220,112,綜高三二,532,20.0,綜高220,10衛生與護理類
112-綜高222,112,綜高三二,532,22.0,綜高222,08工程與管理類
112-綜高223,112,綜高三二,532,23.0,綜高223,08工程與管理類
112-綜高224,112,綜高三二,532,24.0,綜高224,15外語群英語類
112-綜高226,112,綜高三二,532,26.0,綜高226,10衛生與護理類
112-綜高228,112,綜高三二,532,28.0,綜高228,10衛生與護理類
112-綜高229,112,綜高三二,532,29.0,綜高229,10衛生與護理類
112-綜高231,112,綜高三二,532,31.0,綜高231,10衛生與護理類
112-商經102,112,商經三一,131,2.0,商經102,09商業與管理群
112-商經103,112,商經三一,131,3.0,商經103,09商業與管理群
112-商經104,112,商經三一,131,4.0,商經104,09商業與管理群
112-商經105,112,商經三一,131,5.0,商經105,09商業與管理群
112-商經106,112,商經三一,131,6.0,商經106,09商業與管理群
112-商經107,112,商經三一,131,7.0,商經107,09商業與管理群
112-商經108,112,商經三一,131,8.0,商經108,09商業與管理群
112-商經109,112,商經三一,131,9.0,商經109,09商業與管理群
112-商經110,112,商經三一,131,10.0,商經110,09商業與管理群
112-商經111,112,商經三一,131,11.0,商經111,09商業與管理群
112-商經112,112,商經三一,131,12.0,商經112,15外語群英語類
112-商經113,112,商經三一,131,13.0,商經113,09商業與管理群
112-商經114,112,商經三一,131,14.0,商經114,09商業與管理群
112-商經115,112,商經三一,131,15.0,商經115,09商業與管理群
112-商經116,112,商經三一,131,16.0,商經116,09商業與管理群
112-商經117,112,商經三一,131,17.0,商經117,09商業與管理群
112-商經118,112,商經三一,131,18.0,商經118,52家政群
112-商經119,112,商經三一,131,19.0,商經119,09商業與管理群
112-商經120,112,商經三一,131,20.0,商經120,09商業與管理群
112-商經121,112,商經三一,131,21.0,商經121,09商業與管理群
112-商經122,112,商經三一,131,22.0,商經122,09商業與管理群
112-商經123,112,商經三一,131,23.0,商經123,09商業與管理群
112-商經124,112,商經三一,131,24.0,商經124,09商業與管理群
112-商經125,112,商經三一,131,25.0,商經125,09商業與管理群
112-商經126,112,商經三一,131,26.0,商經126,09商業與管理群
112-商經127,112,商經三一,131,27.0,商經127,09商業與管理群
112-商經128,112,商經三一,131,28.0,商經128,09商業與管理群
112-商經129,112,商經三一,131,29.0,商經129,09商業與管理群
112-商經130,112,商經三一,131,30.0,商經130,09商業與管理群
112-商經131,112,商經三一,131,31.0,商經131,15外語群英語類
112-商經132,112,商經三一,131,32.0,商經132,09商業與管理群
112-商經133,112,商經三一,131,33.0,商經133,09商業與管理群
112-商經134,112,商經三一,131,34.0,商經134,09商業與管理群
112-商經135,112,商經三一,131,35.0,商經135,09商業與管理群
112-商經203,112,商經三二,132,3.0,商經203,09商業與管理群
112-商經204,112,商經三二,132,4.0,商經204,09商業與管理群
112-商經205,112,商經三二,132,5.0,商經205,09商業與管理群
112-商經206,112,商經三二,132,6.0,商經206,09商業與管理群
112-商經207,112,商經三二,132,7.0,商經207,09商業與管理群
112-商經209,112,商經三二,132,9.0,商經209,09商業與管理群
112-商經211,112,商經三二,132,11.0,商經211,09商業與管理群
112-商經212,112,商經三二,132,12.0,商經212,09商業與管理群
112-商經213,112,商經三二,132,13.0,商經213,09商業與管理群
112-商經214,112,商經三二,132,14.0,商經214,09商業與管理群
112-商經215,112,商經三二,132,15.0,商經215,09商業與管理群
112-商經216,112,商經三二,132,16.0,商經216,09商業與管理群
112-商經217,112,商經三二,132,17.0,商經217,09商業與管理群
112-商經218,112,商經三二,132,18.0,商經218,09商業與管理群
112-商經219,112,商經三二,132,19.0,商經219,09商業與管理群
112-商經220,112,商經三二,132,20.0,商經220,09商業與管理群
112-商經221,112,商經三二,132,21.0,商經221,09商業與管理群
112-商經222,112,商經三二,132,22.0,商經222,09商業與管理群
112-商經223,112,商經三二,132,23.0,商經223,09商業與管理群
112-商經224,112,商經三二,132,24.0,商經224,09商業與管理群
112-商經225,112,商經三二,132,25.0,商經225,09商業與管理群
112-商經226,112,商經三二,132,26.0,商經226,13家政群生活應用類
112-商經227,112,商經三二,132,27.0,商經227,09商業與管理群
112-商經228,112,商經三二,132,28.0,商經228,09商業與管理群
112-商經229,112,商經三二,132,29.0,商經229,09商業與管理群
112-商經230,112,商經三二,132,30.0,商經230,07設計群
112-商經231,112,商經三二,132,31.0,商經231,09商業與管理群
112-商經232,112,商經三二,132,32.0,商經232,09商業與管理群
112-商經233,112,商經三二,132,33.0,商經233,09商業與管理群
112-商經235,112,商經三二,132,35.0,商經235,09商業與管理群
112-商經301,112,商經三三,133,1.0,商經301,09商業與管理群
112-商經302,112,商經三三,133,2.0,商經302,09商業與管理群
112-商經303,112,商經三三,133,3.0,商經303,09商業與管理群
112-商經304,112,商經三三,133,4.0,商經304,09商業與管理群
112-商經305,112,商經三三,133,5.0,商經305,09商業與管理群
112-商經306,112,商經三三,133,6.0,商經306,09商業與管理群
112-商經307,112,商經三三,133,7.0,商經307,09商業與管理群
112-商經308,112,商經三三,133,8.0,商經308,09商業與管理群
112-商經309,112,商經三三,133,9.0,商經309,09商業與管理群
112-商經310,112,商經三三,133,10.0,商經310,09商業與管理群
112-商經311,112,商經三三,133,11.0,商經311,09商業與管理群
112-商經312,112,商經三三,133,12.0,商經312,09商業與管理群
112-商經313,112,商經三三,133,13.0,商經313,09商業與管理群
112-商經315,112,商經三三,133,15.0,商經315,09商業與管理群
112-商經316,112,商經三三,133,16.0,商經316,09商業與管理群
112-商經317,112,商經三三,133,17.0,商經317,09商業與管理群
112-商經318,112,商經三三,133,18.0,商經318,09商業與管理群
112-商經319,112,商經三三,133,19.0,商經319,09商業與管理群
112-商經321,112,商經三三,133,21.0,商經321,53商管外語群(一)
112-商經323,112,商經三三,133,23.0,商經323,09商業與管理群
112-商經324,112,商經三三,133,24.0,商經324,09商業與管理群
112-商經326,112,商經三三,133,26.0,商經326,09商業與管理群
112-商經327,112,商經三三,133,27.0,商經327,09商業與管理群
112-商經328,112,商經三三,133,28.0,商經328,09商業與管理群
112-商經329,112,商經三三,133,29.0,商經329,09商業與管理群
112-商經331,112,商經三三,133,31.0,商經331,52家政群
113-3071-131001,113,商31,131,,3071-131001,09商業與管理群
113-3071-131002,113,商31,131,,3071-131002,09商業與管理群
113-3071-131003,113,商31,131,,3071-131003,09商業與管理群
113-3071-131004,113,商31,131,,3071-131004,09商業與管理群
113-3071-131007,113,商31,131,,3071-131007,09商業與管理群
113-3071-131008,113,商31,131,,3071-131008,09商業與管理群
113-3071-131009,113,商31,131,,3071-131009,09商業與管理群
113-3071-131010,113,商31,131,,3071-131010,09商業與管理群
113-3071-131011,113,商31,131,,3071-131011,09商業與管理群
113-3071-131012,113,商31,131,,3071-131012,09商業與管理群
113-3071-131013,113,商31,131,,3071-131013,09商業與管理群
113-3071-131014,113,商31,131,,3071-131014,09商業與管理群
113-3071-131015,113,商31,131,,3071-131015,09商業與管理群
113-3071-131016,113,商31,131,,3071-131016,09商業與管理群
113-3071-131017,113,商31,131,,3071-131017,09商業與管理群
113-3071-131018,113,商31,131,,3071-131018,09商業與管理群
113-3071-131019,113,商31,131,,3071-131019,09商業與管理群
113-3071-131021,113,商31,131,,3071-131021,09商業與管理群
113-3071-131022,113,商31,131,,3071-131022,09商業與管理群
113-3071-131023,113,商31,131,,3071-131023,09商業與管理群
113-3071-131024,113,商31,131,,3071-131024,09商業與管理群
113-3071-131025,113,商31,131,,3071-131025,09商業與管理群
113-3071-131026,113,商31,131,,3071-131026,09商業與管理群
113-3071-131027,113,商31,131,,3071-131027,09商業與管理群
113-3071-131028,113,商31,131,,3071-131028,09商業與管理群
113-3071-131029,113,商31,131,,3071-131029,09商業與管理群
113-3071-131030,113,商31,131,,3071-131030,09商業與管理群
113-3071-131031,113,商31,131,,3071-131031,09商業與管理群
113-3071-131032,113,商31,131,,3071-131032,09商業與管理群
113-3071-131034,113,商31,131,,3071-131034,09商業與管理群
113-3071-131035,113,商31,131,,3071-131035,09商業與管理群
113-3071-131036,113,商31,131,,3071-131036,09商業與管理群
113-3071-131037,113,商31,131,,3071-131037,09商業與管理群
113-3071-131038,113,商31,131,,3071-131038,09商業與管理群
113-3071-132001,113,商32,132,,3071-132001,09商業與管理群
113-3071-132004,113,商32,132,,3071-132004,09商業與管理群
113-3071-132005,113,商32,132,,3071-132005,09商業與管理群
113-3071-132006,113,商32,132,,3071-132006,09商業與管理群
113-3071-132008,113,商32,132,,3071-132008,09商業與管理群
113-3071-132009,113,商32,132,,3071-132009,09商業與管理群
113-3071-132010,113,商32,132,,3071-132010,09商業與管理群
113-3071-132011,113,商32,132,,3071-132011,09商業與管理群
113-3071-132012,113,商32,132,,3071-132012,09商業與管理群
113-3071-132013,113,商32,132,,3071-132013,09商業與管理群
113-3071-132014,113,商32,132,,3071-132014,09商業與管理群
113-3071-132015,113,商32,132,,3071-132015,09商業與管理群
113-3071-132017,113,商32,132,,3071-132017,09商業與管理群
113-3071-132018,113,商32,132,,3071-132018,09商業與管理群
113-3071-132019,113,商32,132,,3071-132019,09商業與管理群
113-3071-132021,113,商32,132,,3071-132021,09商業與管理群
113-3071-132022,113,商32,132,,3071-132022,09商業與管理群
113-3071-132025,113,商32,132,,3071-132025,09商業與管理群
113-3071-132026,113,商32,132,,3071-132026,09商業與管理群
113-3071-132028,113,商32,132,,3071-132028,09商業與管理群
113-3071-132031,113,商32,132,,3071-132031,09商業與管理群
113-3071-132032,113,商32,132,,3071-132032,09商業與管理群
113-3071-132035,113,商32,132,,3071-132035,09商業與管理群
113-3071-132036,113,商32,132,,3071-132036,09商業與管理群
113-3071-132037,113,商32,132,,3071-132037,09商業與管理群
113-3071-132038,113,商32,132,,3071-132038,09商業與管理群
113-3071-133001,113,商33,133,,3071-133001,09商業與管理群
113-3071-133002,113,商33,133,,3071-133002,09商業與管理群
113-3071-133003,113,商33,133,,3071-133003,09商業與管理群
113-3071-133004,113,商33,133,,3071-133004,09商業與管理群
113-3071-331013,113,會31,331,,3071-331013,09商業與管理群
113-3071-133005,113,商33,133,,3071-133005,09商業與管理群
113-3071-133006,113,商33,133,,3071-133006,09商業與管理群
113-3071-133007,113,商33,133,,3071-133007,09商業與管理群
113-3071-133008,113,商33,133,,3071-133008,09商業與管理群
113-3071-133009,113,商33,133,,3071-133009,09商業與管理群
113-3071-133010,113,商33,133,,3071-133010,09商業與管理群
113-3071-133011,113,商33,133,,3071-133011,09商業與管理群
113-3071-133012,113,商33,133,,3071-133012,09商業與管理群
113-3071-133013,113,商33,133,,3071-133013,09商業與管理群
113-3071-133014,113,商33,133,,3071-133014,09商業與管理群
113-3071-133015,113,商33,133,,3071-133015,09商業與管理群
113-3071-133016,113,商33,133,,3071-133016,09商業與管理群
113-3071-133017,113,商33,133,,3071-133017,09商業與管理群
113-3071-133018,113,商33,133,,3071-133018,09商業與管理群
113-3071-133019,113,商33,133,,3071-133019,09商業與管理群
113-3071-133020,113,商33,133,,3071-133020,09商業與管理群
113-3071-133021,113,商33,133,,3071-133021,09商業與管理群
113-3071-133022,113,商33,133,,3071-133022,09商業與管理群
113-3071-133023,113,商33,133,,3071-133023,09商業與管理群
113-3071-133024,113,商33,133,,3071-133024,09商業與管理群
113-3071-133025,113,商33,133,,3071-133025,09商業與管理群
113-3071-133026,113,商33,133,,3071-133026,09商業與管理群
113-3071-133027,113,商33,133,,3071-133027,09商業與管理群
113-3071-133028,113,商33,133,,3071-133028,09商業與管理群
113-3071-133029,113,商33,133,,3071-133029,09商業與管理群
113-3071-133030,113,商33,133,,3071-133030,09商業與管理群
113-3071-133031,113,商33,133,,3071-133031,09商業與管理群
113-3071-133033,113,商33,133,,3071-133033,09商業與管理群
113-3071-133034,113,商33,133,,3071-133034,09商業與管理群
113-3071-133035,113,商33,133,,3071-133035,09商業與管理群
113-3071-133036,113,商33,133,,3071-133036,09商業與管理群
113-3071-133037,113,商33,133,,3071-133037,09商業與管理群
113-3071-134001,113,商34,134,,3071-134001,09商業與管理群
113-3071-134002,113,商34,134,,3071-134002,09商業與管理群
113-3071-134003,113,商34,134,,3071-134003,09商業與管理群
113-3071-134004,113,商34,134,,3071-134004,09商業與管理群
113-3071-134005,113,商34,134,,3071-134005,09商業與管理群
113-3071-134006,113,商34,134,,3071-134006,09商業與管理群
113-3071-134007,113,商34,134,,3071-134007,09商業與管理群
113-3071-134008,113,商34,134,,3071-134008,09商業與管理群
113-3071-134009,113,商34,134,,3071-134009,09商業與管理群
113-3071-134011,113,商34,134,,3071-134011,09商業與管理群
113-3071-134012,113,商34,134,,3071-134012,09商業與管理群
113-3071-134013,113,商34,134,,3071-134013,09商業與管理群
113-3071-134015,113,商34,134,,3071-134015,09商業與管理群
113-3071-134016,113,商34,134,,3071-134016,09商業與管理群
113-3071-134017,113,商34,134,,3071-134017,09商業與管理群
113-3071-134023,113,商34,134,,3071-134023,09商業與管理群
113-3071-134026,113,商34,134,,3071-134026,09商業與管理群
113-3071-134027,113,商34,134,,3071-134027,09商業與管理群
113-3071-134028,113,商34,134,,3071-134028,09商業與管理群
113-3071-134029,113,商34,134,,3071-134029,16外語群日語類
113-3071-134030,113,商34,134,,3071-134030,09商業與管理群
113-3071-134032,113,商34,134,,3071-134032,09商業與管理群
113-3071-134033,113,商34,134,,3071-134033,09商業與管理群
113-3071-134035,113,商34,134,,3071-134035,09商業與管理群
113-3071-134036,113,商34,134,,3071-134036,09商業與管理群
113-3071-134037,113,商34,134,,3071-134037,09商業與管理群
113-3071-231001,113,國31,231,,3071-231001,09商業與管理群
113-3071-231002,113,國31,231,,3071-231002,09商業與管理群
113-3071-231003,113,國31,231,,3071-231003,09商業與管理群
113-3071-231004,113,國31,231,,3071-231004,09商業與管理群
113-3071-231005,113,國31,231,,3071-231005,09商業與管理群
113-3071-231006,113,國31,231,,3071-231006,09商業與管理群
113-3071-231007,113,國31,231,,3071-231007,09商業與管理群
113-3071-231008,113,國31,231,,3071-231008,09商業與管理群
113-3071-231009,113,國31,231,,3071-231009,09商業與管理群
113-3071-231010,113,國31,231,,3071-231010,09商業與管理群
113-3071-231013,113,國31,231,,3071-231013,09商業與管理群
113-3071-231014,113,國31,231,,3071-231014,09商業與管理群
113-3071-231016,113,國31,231,,3071-231016,52家政群
113-3071-231017,113,國31,231,,3071-231017,09商業與管理群
113-3071-231018,113,國31,231,,3071-231018,09商業與管理群
113-3071-231019,113,國31,231,,3071-231019,15外語群英語類
113-3071-231021,113,國31,231,,3071-231021,09商業與管理群
113-3071-231022,113,國31,231,,3071-231022,09商業與管理群
113-3071-231023,113,國31,231,,3071-231023,09商業與管理群
113-3071-231024,113,國31,231,,3071-231024,09商業與管理群
113-3071-231025,113,國31,231,,3071-231025,09商業與管理群
113-3071-231027,113,國31,231,,3071-231027,09商業與管理群
113-3071-231028,113,國31,231,,3071-231028,09商業與管理群
113-3071-231029,113,國31,231,,3071-231029,09商業與管理群
113-3071-231030,113,國31,231,,3071-231030,09商業與管理群
113-3071-231032,113,國31,231,,3071-231032,09商業與管理群
113-3071-231033,113,國31,231,,3071-231033,09商業與管理群
113-3071-231034,113,國31,231,,3071-231034,09商業與管理群
113-3071-231035,113,國31,231,,3071-231035,09商業與管理群
113-3071-231036,113,國31,231,,3071-231036,09商業與管理群
113-3071-231037,113,國31,231,,3071-231037,09商業與管理群
113-3071-232001,113,國32,232,,3071-232001,09商業與管理群
113-3071-232002,113,國32,232,,3071-232002,09商業與管理群
113-3071-232003,113,國32,232,,3071-232003,09商業與管理群
113-3071-232004,113,國32,232,,3071-232004,09商業與管理群
113-3071-232005,113,國32,232,,3071-232005,09商業與管理群
113-3071-232006,113,國32,232,,3071-232006,09商業與管理群
113-3071-232007,113,國32,232,,3071-232007,15外語群英語類
113-3071-232008,113,國32,232,,3071-232008,09商業與管理群
113-3071-232009,113,國32,232,,3071-232009,09商業與管理群
113-3071-232010,113,國32,232,,3071-232010,09商業與管理群
113-3071-232011,113,國32,232,,3071-232011,53商管外語群(一)
113-3071-232013,113,國32,232,,3071-232013,09商業與管理群
113-3071-232014,113,國32,232,,3071-232014,09商業與管理群
113-3071-232015,113,國32,232,,3071-232015,09商業與管理群
113-3071-232016,113,國32,232,,3071-232016,09商業與管理群
113-3071-232017,113,國32,232,,3071-232017,09商業與管理群
113-3071-232018,113,國32,232,,3071-232018,09商業與管理群
113-3071-232019,113,國32,232,,3071-232019,09商業與管理群
113-3071-232020,113,國32,232,,3071-232020,09商業與管理群
113-3071-232021,113,國32,232,,3071-232021,09商業與管理群
113-3071-232022,113,國32,232,,3071-232022,09商業與管理群
113-3071-232023,113,國32,232,,3071-232023,09商業與管理群
113-3071-232024,113,國32,232,,3071-232024,09商業與管理群
113-3071-232025,113,國32,232,,3071-232025,09商業與管理群
113-3071-232026,113,國32,232,,3071-232026,09商業與管理群
113-3071-232027,113,國32,232,,3071-232027,09商業與管理群
113-3071-232028,113,國32,232,,3071-232028,09商業與管理群
113-3071-232029,113,國32,232,,3071-232029,09商業與管理群
113-3071-232030,113,國32,232,,3071-232030,09商業與管理群
113-3071-232031,113,國32,232,,3071-232031,09商業與管理群
113-3071-232033,113,國32,232,,3071-232033,09商業與管理群
113-3071-232034,113,國32,232,,3071-232034,09商業與管理群
113-3071-232036,113,國32,232,,3071-232036,09商業與管理群
113-3071-233001,113,國33,233,,3071-233001,09商業與管理群
113-3071-233003,113,國33,233,,3071-233003,09商業與管理群
113-3071-233005,113,國33,233,,3071-233005,09商業與管理群
113-3071-233006,113,國33,233,,3071-233006,09商業與管理群
113-3071-233007,113,國33,233,,3071-233007,09商業與管理群
113-3071-233008,113,國33,233,,3071-233008,09商業與管理群
113-3071-233009,113,國33,233,,3071-233009,09商業與管理群
113-3071-233010,113,國33,233,,3071-233010,09商業與管理群
113-3071-233011,113,國33,233,,3071-233011,09商業與管理群
113-3071-233012,113,國33,233,,3071-233012,09商業與管理群
113-3071-233013,113,國33,233,,3071-233013,09商業與管理群
113-3071-233014,113,國33,233,,3071-233014,09商業與管理群
113-3071-233015,113,國33,233,,3071-233015,09商業與管理群
113-3071-233016,113,國33,233,,3071-233016,09商業與管理群
113-3071-233017,113,國33,233,,3071-233017,09商業與管理群
113-3071-233018,113,國33,233,,3071-233018,09商業與管理群
113-3071-233019,113,國33,233,,3071-233019,09商業與管理群
113-3071-233020,113,國33,233,,3071-233020,09商業與管理群
113-3071-233021,113,國33,233,,3071-233021,09商業與管理群
113-3071-233022,113,國33,233,,3071-233022,09商業與管理群
113-3071-233023,113,國33,233,,3071-233023,09商業與管理群
113-3071-233024,113,國33,233,,3071-233024,09商業與管理群
113-3071-233025,113,國33,233,,3071-233025,09商業與管理群
113-3071-233026,113,國33,233,,3071-233026,09商業與管理群
113-3071-233027,113,國33,233,,3071-233027,09商業與管理群
113-3071-233028,113,國33,233,,3071-233028,09商業與管理群
113-3071-233029,113,國33,233,,3071-233029,09商業與管理群
113-3071-233030,113,國33,233,,3071-233030,09商業與管理群
113-3071-233031,113,國33,233,,3071-233031,09商業與管理群
113-3071-233032,113,國33,233,,3071-233032,09商業與管理群
113-3071-233033,113,國33,233,,3071-233033,09商業與管理群
113-3071-233034,113,國33,233,,3071-233034,53商管外語群(一)
113-3071-233036,113,國33,233,,3071-233036,09商業與管理群
113-3071-234001,113,國34,234,,3071-234001,09商業與管理群
113-3071-234002,113,國34,234,,3071-234002,09商業與管理群
113-3071-234003,113,國34,234,,3071-234003,09商業與管理群
113-3071-234004,113,國34,234,,3071-234004,09商業與管理群
113-3071-234005,113,國34,234,,3071-234005,09商業與管理群
113-3071-234006,113,國34,234,,3071-234006,09商業與管理群
113-3071-234007,113,國34,234,,3071-234007,09商業與管理群
113-3071-234008,113,國34,234,,3071-234008,09商業與管理群
113-3071-234009,113,國34,234,,3071-234009,09商業與管理群
113-3071-234010,113,國34,234,,3071-234010,09商業與管理群
113-3071-234012,113,國34,234,,3071-234012,09商業與管理群
113-3071-234014,113,國34,234,,3071-234014,09商業與管理群
113-3071-234016,113,國34,234,,3071-234016,09商業與管理群
113-3071-234017,113,國34,234,,3071-234017,09商業與管理群
113-3071-234020,113,國34,234,,3071-234020,09商業與管理群
113-3071-234021,113,國34,234,,3071-234021,09商業與管理群
113-3071-234023,113,國34,234,,3071-234023,09商業與管理群
113-3071-234024,113,國34,234,,3071-234024,09商業與管理群
113-3071-234025,113,國34,234,,3071-234025,09商業與管理群
113-3071-234026,113,國34,234,,3071-234026,09商業與管理群
113-3071-234027,113,國34,234,,3071-234027,09商業與管理群
113-3071-234029,113,國34,234,,3071-234029,09商業與管理群
113-3071-234030,113,國34,234,,3071-234030,09商業與管理群
113-3071-234031,113,國34,234,,3071-234031,09商業與管理群
113-3071-234032,113,國34,234,,3071-234032,09商業與管理群
113-3071-234033,113,國34,234,,3071-234033,09商業與管理群
113-3071-234034,113,國34,234,,3071-234034,09商業與管理群
113-3071-234035,113,國34,234,,3071-234035,09商業與管理群
113-3071-234036,113,國34,234,,3071-234036,09商業與管理群
113-3071-235001,113,國35,235,,3071-235001,09商業與管理群
113-3071-235002,113,國35,235,,3071-235002,09商業與管理群
113-3071-235003,113,國35,235,,3071-235003,09商業與管理群
113-3071-235004,113,國35,235,,3071-235004,15外語群英語類
113-3071-235005,113,國35,235,,3071-235005,09商業與管理群
113-3071-235006,113,國35,235,,3071-235006,09商業與管理群
113-3071-235007,113,國35,235,,3071-235007,09商業與管理群
113-3071-235009,113,國35,235,,3071-235009,09商業與管理群
113-3071-235010,113,國35,235,,3071-235010,09商業與管理群
113-3071-235011,113,國35,235,,3071-235011,09商業與管理群
113-3071-235012,113,國35,235,,3071-235012,09商業與管理群
113-3071-235014,113,國35,235,,3071-235014,09商業與管理群
113-3071-235015,113,國35,235,,3071-235015,09商業與管理群
113-3071-235016,113,國35,235,,3071-235016,09商業與管理群
113-3071-235017,113,國35,235,,3071-235017,09商業與管理群
113-3071-235018,113,國35,235,,3071-235018,09商業與管理群
113-3071-235019,113,國35,235,,3071-235019,09商業與管理群
113-3071-235020,113,國35,235,,3071-235020,09商業與管理群
113-3071-235021,113,國35,235,,3071-235021,09商業與管理群
113-3071-235022,113,國35,235,,3071-235022,52家政群
113-3071-235023,113,國35,235,,3071-235023,09商業與管理群
113-3071-235024,113,國35,235,,3071-235024,09商業與管理群
113-3071-235025,113,國35,235,,3071-235025,09商業與管理群
113-3071-235026,113,國35,235,,3071-235026,09商業與管理群
113-3071-235027,113,國35,235,,3071-235027,09商業與管理群
113-3071-235028,113,國35,235,,3071-235028,09商業與管理群
113-3071-235029,113,國35,235,,3071-235029,09商業與管理群
113-3071-235030,113,國35,235,,3071-235030,09商業與管理群
113-3071-235031,113,國35,235,,3071-235031,09商業與管理群
113-3071-235032,113,國35,235,,3071-235032,09商業與管理群
113-3071-235033,113,國35,235,,3071-235033,09商業與管理群
113-3071-235035,113,國35,235,,3071-235035,09商業與管理群
113-3071-235036,113,國35,235,,3071-235036,09商業與管理群
113-3071-235037,113,國35,235,,3071-235037,09商業與管理群
113-3071-331001,113,會31,331,,3071-331001,09商業與管理群
113-3071-331002,113,會31,331,,3071-331002,09商業與管理群
113-3071-331003,113,會31,331,,3071-331003,09商業與管理群
113-3071-331004,113,會31,331,,3071-331004,09商業與管理群
113-3071-331005,113,會31,331,,3071-331005,09商業與管理群
113-3071-331006,113,會31,331,,3071-331006,09商業與管理群
113-3071-331007,113,會31,331,,3071-331007,09商業與管理群
113-3071-331008,113,會31,331,,3071-331008,09商業與管理群
113-3071-331009,113,會31,331,,3071-331009,09商業與管理群
113-3071-331010,113,會31,331,,3071-331010,09商業與管理群
113-3071-331011,113,會31,331,,3071-331011,09商業與管理群
113-3071-331012,113,會31,331,,3071-331012,09商業與管理群
113-3071-331014,113,會31,331,,3071-331014,09商業與管理群
113-3071-431002,113,資31,431,,3071-431002,09商業與管理群
113-3071-431003,113,資31,431,,3071-431003,09商業與管理群
113-3071-431004,113,資31,431,,3071-431004,09商業與管理群
113-3071-431005,113,資31,431,,3071-431005,09商業與管理群
113-3071-431006,113,資31,431,,3071-431006,09商業與管理群
113-3071-431007,113,資31,431,,3071-431007,09商業與管理群
113-3071-431008,113,資31,431,,3071-431008,09商業與管理群
113-3071-431010,113,資31,431,,3071-431010,09商業與管理群
113-3071-431011,113,資31,431,,3071-431011,09商業與管理群
113-3071-431012,113,資31,431,,3071-431012,09商業與管理群
113-3071-431013,113,資31,431,,3071-431013,09商業與管理群
113-3071-431014,113,資31,431,,3071-431014,09商業與管理群
113-3071-431015,113,資31,431,,3071-431015,09商業與管理群
113-3071-431016,113,資31,431,,3071-431016,09商業與管理群
113-3071-431017,113,資31,431,,3071-431017,09商業與管理群
113-3071-431018,113,資31,431,,3071-431018,09商業與管理群
113-3071-431019,113,資31,431,,3071-431019,09商業與管理群
113-3071-431020,113,資31,431,,3071-431020,09商業與管理群
113-3071-431021,113,資31,431,,3071-431021,09商業與管理群
113-3071-431022,113,資31,431,,3071-431022,09商業與管理群
113-3071-431023,113,資31,431,,3071-431023,09商業與管理群
113-3071-431024,113,資31,431,,3071-431024,09商業與管理群
113-3071-431026,113,資31,431,,3071-431026,09商業與管理群
113-3071-431027,113,資31,431,,3071-431027,09商業與管理群
113-3071-431028,113,資31,431,,3071-431028,09商業與管理群
113-3071-431029,113,資31,431,,3071-431029,09商業與管理群
113-3071-431030,113,資31,431,,3071-431030,09商業與管理群
113-3071-431031,113,資31,431,,3071-431031,09商業與管理群
113-3071-431032,113,資31,431,,3071-431032,09商業與管理群
113-3071-431033,113,資31,431,,3071-431033,09商業與管理群
113-3071-431034,113,資31,431,,3071-431034,09商業與管理群
113-3071-431035,113,資31,431,,3071-431035,09商業與管理群
113-3071-431036,113,資31,431,,3071-431036,09商業與管理群
113-3071-431037,113,資31,431,,3071-431037,09商業與管理群
113-3071-431038,113,資31,431,,3071-431038,09商業與管理群
113-3071-432001,113,資32,432,,3071-432001,09商業與管理群
113-3071-432002,113,資32,432,,3071-432002,09商業與管理群
113-3071-432003,113,資32,432,,3071-432003,09商業與管理群
113-3071-432004,113,資32,432,,3071-432004,09商業與管理群
113-3071-432005,113,資32,432,,3071-432005,09商業與管理群
113-3071-432006,113,資32,432,,3071-432006,09商業與管理群
113-3071-432007,113,資32,432,,3071-432007,09商業與管理群
113-3071-432008,113,資32,432,,3071-432008,09商業與管理群
113-3071-432009,113,資32,432,,3071-432009,09商業與管理群
113-3071-432010,113,資32,432,,3071-432010,09商業與管理群
113-3071-432012,113,資32,432,,3071-432012,09商業與管理群
113-3071-432013,113,資32,432,,3071-432013,09商業與管理群
113-3071-432014,113,資32,432,,3071-432014,09商業與管理群
113-3071-432015,113,資32,432,,3071-432015,09商業與管理群
113-3071-432016,113,資32,432,,3071-432016,09商業與管理群
113-3071-432017,113,資32,432,,3071-432017,09商業與管理群
113-3071-432018,113,資32,432,,3071-432018,09商業與管理群
113-3071-432019,113,資32,432,,3071-432019,09商業與管理群
113-3071-432020,113,資32,432,,3071-432020,20藝術群影視類
113-3071-432021,113,資32,432,,3071-432021,09商業與管理群
113-3071-432023,113,資32,432,,3071-432023,09商業與管理群
113-3071-432024,113,資32,432,,3071-432024,09商業與管理群
113-3071-432025,113,資32,432,,3071-432025,09商業與管理群
113-3071-432026,113,資32,432,,3071-432026,09商業與管理群
113-3071-432028,113,資32,432,,3071-432028,09商業與管理群
113-3071-432029,113,資32,432,,3071-432029,7設計群
113-3071-432030,113,資32,432,,3071-432030,09商業與管理群
113-3071-432031,113,資32,432,,3071-432031,09商業與管理群
113-3071-432032,113,資32,432,,3071-432032,09商業與管理群
113-3071-432033,113,資32,432,,3071-432033,09商業與管理群
113-3071-432034,113,資32,432,,3071-432034,09商業與管理群
113-3071-432035,113,資32,432,,3071-432035,09商業與管理群
113-3071-432036,113,資32,432,,3071-432036,09商業與管理群
113-3071-432038,113,資32,432,,3071-432038,09商業與管理群
113-3071-433001,113,資33,433,,3071-433001,09商業與管理群
113-3071-433002,113,資33,433,,3071-433002,09商業與管理群
113-3071-433003,113,資33,433,,3071-433003,09商業與管理群
113-3071-433004,113,資33,433,,3071-433004,09商業與管理群
113-3071-433005,113,資33,433,,3071-433005,09商業與管理群
113-3071-433006,113,資33,433,,3071-433006,09商業與管理群
113-3071-433007,113,資33,433,,3071-433007,09商業與管理群
113-3071-433008,113,資33,433,,3071-433008,09商業與管理群
113-3071-433009,113,資33,433,,3071-433009,09商業與管理群
113-3071-433010,113,資33,433,,3071-433010,09商業與管理群
113-3071-433011,113,資33,433,,3071-433011,09商業與管理群
113-3071-433013,113,資33,433,,3071-433013,09商業與管理群
113-3071-433017,113,資33,433,,3071-433017,09商業與管理群
113-3071-433018,113,資33,433,,3071-433018,09商業與管理群
113-3071-433019,113,資33,433,,3071-433019,09商業與管理群
113-3071-433020,113,資33,433,,3071-433020,09商業與管理群
113-3071-433021,113,資33,433,,3071-433021,09商業與管理群
113-3071-433022,113,資33,433,,3071-433022,09商業與管理群
113-3071-433023,113,資33,433,,3071-433023,09商業與管理群
113-3071-433024,113,資33,433,,3071-433024,09商業與管理群
113-3071-433025,113,資33,433,,3071-433025,09商業與管理群
113-3071-433026,113,資33,433,,3071-433026,09商業與管理群
113-3071-433027,113,資33,433,,3071-433027,09商業與管理群
113-3071-433028,113,資33,433,,3071-433028,09商業與管理群
113-3071-433029,113,資33,433,,3071-433029,09商業與管理群
113-3071-433030,113,資33,433,,3071-433030,09商業與管理群
113-3071-433031,113,資33,433,,3071-433031,09商業與管理群
113-3071-433032,113,資33,433,,3071-433032,16外語群日語類
113-3071-433033,113,資33,433,,3071-433033,09商業與管理群
113-3071-433034,113,資33,433,,3071-433034,09商業與管理群
113-3071-433035,113,資33,433,,3071-433035,15外語群英語類
113-3071-433037,113,資33,433,,3071-433037,09商業與管理群
113-3071-433038,113,資33,433,,3071-433038,09商業與管理群
113-3071-532013,113,職32,632,,3071-532013,17餐旅群
113-3071-631014,113,高31,531,,3071-631014,10衛生與護理類
113-3071-631019,113,高31,531,,3071-631019,10衛生與護理類
113-3071-631036,113,高31,531,,3071-631036,10衛生與護理類
113-3071-632035,113,高32,532,,3071-632035,09商業與管理群
113-3071-131020,113,商31,131,,3071-131020,09商業與管理群
114-3071-131017,114,131,131,,3071-131017,09商業與管理群
114-3071-131018,114,131,131,,3071-131018,09商業與管理群
114-3071-131019,114,131,131,,3071-131019,09商業與管理群
114-3071-131020,114,131,131,,3071-131020,09商業與管理群
114-3071-131021,114,131,131,,3071-131021,09商業與管理群
114-3071-131022,114,131,131,,3071-131022,09商業與管理群
114-3071-131023,114,131,131,,3071-131023,09商業與管理群
114-3071-131024,114,131,131,,3071-131024,09商業與管理群
114-3071-131025,114,131,131,,3071-131025,09商業與管理群
114-3071-131026,114,131,131,,3071-131026,09商業與管理群
114-3071-131027,114,131,131,,3071-131027,09商業與管理群
114-3071-131028,114,131,131,,3071-131028,09商業與管理群
114-3071-131029,114,131,131,,3071-131029,09商業與管理群
114-3071-131030,114,131,131,,3071-131030,09商業與管理群
114-3071-131031,114,131,131,,3071-131031,09商業與管理群
114-3071-131032,114,131,131,,3071-131032,09商業與管理群
114-3071-131034,114,131,131,,3071-131034,09商業與管理群
114-3071-131035,114,131,131,,3071-131035,09商業與管理群
114-3071-131036,114,131,131,,3071-131036,09商業與管理群
114-3071-131037,114,131,131,,3071-131037,09商業與管理群
114-3071-131038,114,132,132,,3071-131038,09商業與管理群
114-3071-132001,114,132,132,,3071-132001,09商業與管理群
114-3071-132004,114,132,132,,3071-132004,09商業與管理群
114-3071-132005,114,132,132,,3071-132005,09商業與管理群
114-3071-132006,114,132,132,,3071-132006,09商業與管理群
114-3071-132008,114,132,132,,3071-132008,09商業與管理群
114-3071-132009,114,132,132,,3071-132009,09商業與管理群
114-3071-132010,114,132,132,,3071-132010,09商業與管理群
114-3071-132011,114,132,132,,3071-132011,09商業與管理群
114-3071-132012,114,132,132,,3071-132012,09商業與管理群
114-3071-132013,114,132,132,,3071-132013,09商業與管理群
114-3071-132014,114,132,132,,3071-132014,09商業與管理群
114-3071-132015,114,132,132,,3071-132015,09商業與管理群
114-3071-132017,114,132,132,,3071-132017,09商業與管理群
114-3071-132018,114,132,132,,3071-132018,09商業與管理群
114-3071-132019,114,132,132,,3071-132019,09商業與管理群
114-3071-132021,114,132,132,,3071-132021,09商業與管理群
114-3071-132022,114,132,132,,3071-132022,09商業與管理群
114-3071-132025,114,132,132,,3071-132025,09商業與管理群
114-3071-132026,114,132,132,,3071-132026,09商業與管理群
114-3071-132028,114,132,132,,3071-132028,09商業與管理群
114-3071-132031,114,132,132,,3071-132031,09商業與管理群
114-3071-132032,114,132,132,,3071-132032,09商業與管理群
114-3071-132035,114,132,132,,3071-132035,09商業與管理群
114-3071-132036,114,132,132,,3071-132036,09商業與管理群
114-3071-132037,114,132,132,,3071-132037,09商業與管理群
114-3071-132038,114,132,132,,3071-132038,09商業與管理群
114-3071-133001,114,132,132,,3071-133001,09商業與管理群
114-3071-133002,114,132,132,,3071-133002,09商業與管理群
114-3071-133003,114,132,132,,3071-133003,09商業與管理群
114-3071-133004,114,132,132,,3071-133004,09商業與管理群
114-3071-133005,114,132,132,,3071-133005,09商業與管理群
114-3071-133006,114,132,132,,3071-133006,09商業與管理群
114-3071-133007,114,132,132,,3071-133007,09商業與管理群
114-3071-133008,114,132,132,,3071-133008,09商業與管理群
114-3071-133009,114,132,132,,3071-133009,09商業與管理群
114-3071-133010,114,132,132,,3071-133010,09商業與管理群
114-3071-133011,114,133,133,,3071-133011,09商業與管理群
114-3071-133012,114,133,133,,3071-133012,09商業與管理群
114-3071-133013,114,133,133,,3071-133013,09商業與管理群
114-3071-133014,114,133,133,,3071-133014,09商業與管理群
114-3071-133015,114,133,133,,3071-133015,09商業與管理群
114-3071-133016,114,133,133,,3071-133016,09商業與管理群
114-3071-133017,114,133,133,,3071-133017,09商業與管理群
114-3071-133018,114,133,133,,3071-133018,09商業與管理群
114-3071-133019,114,133,133,,3071-133019,09商業與管理群
114-3071-133020,114,133,133,,3071-133020,09商業與管理群
114-3071-133021,114,133,133,,3071-133021,09商業與管理群
114-3071-133022,114,133,133,,3071-133022,09商業與管理群
114-3071-133023,114,133,133,,3071-133023,09商業與管理群
114-3071-133024,114,133,133,,3071-133024,09商業與管理群
114-3071-133025,114,133,133,,3071-133025,09商業與管理群
114-3071-133026,114,133,133,,3071-133026,09商業與管理群
114-3071-133027,114,133,133,,3071-133027,09商業與管理群
114-3071-133028,114,133,133,,3071-133028,09商業與管理群
114-3071-133029,114,133,133,,3071-133029,09商業與管理群
114-3071-133030,114,133,133,,3071-133030,09商業與管理群
114-3071-133031,114,133,133,,3071-133031,09商業與管理群
114-3071-133033,114,133,133,,3071-133033,09商業與管理群
114-3071-133034,114,133,133,,3071-133034,09商業與管理群
114-3071-133035,114,133,133,,3071-133035,09商業與管理群
114-3071-133036,114,133,133,,3071-133036,09商業與管理群
114-3071-133037,114,133,133,,3071-133037,09商業與管理群
114-3071-134001,114,133,133,,3071-134001,09商業與管理群
114-3071-134002,114,133,133,,3071-134002,09商業與管理群
114-3071-134003,114,133,133,,3071-134003,09商業與管理群
114-3071-134004,114,133,133,,3071-134004,09商業與管理群
114-3071-134005,114,133,133,,3071-134005,09商業與管理群
114-3071-134006,114,133,133,,3071-134006,09商業與管理群
114-3071-134007,114,133,133,,3071-134007,09商業與管理群
114-3071-134008,114,133,133,,3071-134008,09商業與管理群
114-3071-134009,114,133,133,,3071-134009,09商業與管理群
114-3071-134011,114,134,134,,3071-134011,09商業與管理群
114-3071-134012,114,134,134,,3071-134012,09商業與管理群
114-3071-134013,114,134,134,,3071-134013,09商業與管理群
114-3071-134015,114,134,134,,3071-134015,09商業與管理群
114-3071-134016,114,134,134,,3071-134016,09商業與管理群
114-3071-134017,114,134,134,,3071-134017,09商業與管理群
114-3071-134023,114,134,134,,3071-134023,09商業與管理群
114-3071-134026,114,134,134,,3071-134026,09商業與管理群
114-3071-134027,114,134,134,,3071-134027,09商業與管理群
114-3071-134028,114,134,134,,3071-134028,09商業與管理群
114-3071-134029,114,134,134,,3071-134029,16外語群日語類
114-3071-134030,114,134,134,,3071-134030,09商業與管理群
114-3071-134032,114,134,134,,3071-134032,09商業與管理群
114-3071-134033,114,134,134,,3071-134033,09商業與管理群
114-3071-134035,114,134,134,,3071-134035,09商業與管理群
114-3071-134036,114,134,134,,3071-134036,09商業與管理群
114-3071-134037,114,134,134,,3071-134037,09商業與管理群
114-3071-231001,114,134,134,,3071-231001,09商業與管理群
114-3071-231002,114,134,134,,3071-231002,09商業與管理群
114-3071-231003,114,134,134,,3071-231003,09商業與管理群
114-3071-231004,114,134,134,,3071-231004,09商業與管理群
114-3071-231005,114,134,134,,3071-231005,09商業與管理群
114-3071-231006,114,134,134,,3071-231006,09商業與管理群
114-3071-231007,114,134,134,,3071-231007,09商業與管理群
114-3071-231008,114,134,134,,3071-231008,09商業與管理群
114-3071-231009,114,134,134,,3071-231009,09商業與管理群
114-3071-231010,114,134,134,,3071-231010,09商業與管理群
114-3071-231013,114,134,134,,3071-231013,09商業與管理群
114-3071-231014,114,134,134,,3071-231014,09商業與管理群
114-3071-231016,114,134,134,,3071-231016,52家政群
114-3071-231017,114,134,134,,3071-231017,09商業與管理群
114-3071-231018,114,134,134,,3071-231018,09商業與管理群
114-3071-231019,114,134,134,,3071-231019,15外語群英語類
114-3071-231021,114,134,134,,3071-231021,09商業與管理群
114-3071-231022,114,134,134,,3071-231022,09商業與管理群
114-3071-231023,114,134,134,,3071-231023,09商業與管理群
114-3071-231024,114,231,231,,3071-231024,09商業與管理群
114-3071-231025,114,231,231,,3071-231025,09商業與管理群
114-3071-231027,114,231,231,,3071-231027,09商業與管理群
114-3071-231028,114,231,231,,3071-231028,09商業與管理群
114-3071-231029,114,231,231,,3071-231029,09商業與管理群
114-3071-231030,114,231,231,,3071-231030,09商業與管理群
114-3071-231032,114,231,231,,3071-231032,09商業與管理群
114-3071-231033,114,231,231,,3071-231033,09商業與管理群
114-3071-231034,114,231,231,,3071-231034,09商業與管理群
114-3071-231035,114,231,231,,3071-231035,09商業與管理群
114-3071-231036,114,231,231,,3071-231036,09商業與管理群
114-3071-231037,114,231,231,,3071-231037,09商業與管理群
114-3071-232001,114,231,231,,3071-232001,09商業與管理群
114-3071-232002,114,231,231,,3071-232002,09商業與管理群
114-3071-232003,114,231,231,,3071-232003,09商業與管理群
114-3071-232004,114,231,231,,3071-232004,09商業與管理群
114-3071-232005,114,231,231,,3071-232005,09商業與管理群
114-3071-232006,114,231,231,,3071-232006,09商業與管理群
114-3071-232007,114,231,231,,3071-232007,15外語群英語類
114-3071-232008,114,231,231,,3071-232008,09商業與管理群
114-3071-232009,114,231,231,,3071-232009,09商業與管理群
114-3071-232010,114,231,231,,3071-232010,09商業與管理群
114-3071-232011,114,231,231,,3071-232011,53商管外語群(一)
114-3071-232013,114,231,231,,3071-232013,09商業與管理群
114-3071-232014,114,231,231,,3071-232014,09商業與管理群
114-3071-232015,114,231,231,,3071-232015,09商業與管理群
114-3071-232016,114,231,231,,3071-232016,09商業與管理群
114-3071-232017,114,231,231,,3071-232017,09商業與管理群
114-3071-232018,114,231,231,,3071-232018,09商業與管理群
114-3071-232019,114,231,231,,3071-232019,09商業與管理群
114-3071-232020,114,231,231,,3071-232020,09商業與管理群
114-3071-232021,114,231,231,,3071-232021,09商業與管理群
114-3071-232022,114,232,232,,3071-232022,09商業與管理群
114-3071-232023,114,232,232,,3071-232023,09商業與管理群
114-3071-232024,114,232,232,,3071-232024,09商業與管理群
114-3071-232025,114,232,232,,3071-232025,09商業與管理群
114-3071-232026,114,232,232,,3071-232026,09商業與管理群
114-3071-232027,114,232,232,,3071-232027,09商業與管理群
114-3071-232028,114,232,232,,3071-232028,09商業與管理群
114-3071-232029,114,232,232,,3071-232029,09商業與管理群
114-3071-232030,114,232,232,,3071-232030,09商業與管理群
114-3071-232031,114,232,232,,3071-232031,09商業與管理群
114-3071-232033,114,232,232,,3071-232033,09商業與管理群
114-3071-232034,114,232,232,,3071-232034,09商業與管理群
114-3071-232036,114,232,232,,3071-232036,09商業與管理群
114-3071-233001,114,232,232,,3071-233001,09商業與管理群
114-3071-233003,114,232,232,,3071-233003,09商業與管理群
114-3071-233005,114,232,232,,3071-233005,09商業與管理群
114-3071-233006,114,232,232,,3071-233006,09商業與管理群
114-3071-233007,114,232,232,,3071-233007,09商業與管理群
114-3071-233008,114,232,232,,3071-233008,09商業與管理群
114-3071-233009,114,232,232,,3071-233009,09商業與管理群
114-3071-233010,114,232,232,,3071-233010,09商業與管理群
114-3071-233011,114,232,232,,3071-233011,09商業與管理群
114-3071-233012,114,232,232,,3071-233012,09商業與管理群
114-3071-233013,114,232,232,,3071-233013,09商業與管理群
114-3071-233014,114,232,232,,3071-233014,09商業與管理群
114-3071-233015,114,232,232,,3071-233015,09商業與管理群
114-3071-233016,114,232,232,,3071-233016,09商業與管理群
114-3071-233017,114,232,232,,3071-233017,09商業與管理群
114-3071-233018,114,232,232,,3071-233018,09商業與管理群
114-3071-233019,114,232,232,,3071-233019,09商業與管理群
114-3071-233020,114,232,232,,3071-233020,09商業與管理群
114-3071-233021,114,232,232,,3071-233021,09商業與管理群
114-3071-233022,114,232,232,,3071-233022,09商業與管理群
114-3071-233023,114,232,232,,3071-233023,09商業與管理群
114-3071-233024,114,233,233,,3071-233024,09商業與管理群
114-3071-131001,114,131,131,,3071-131001,09商業與管理群
114-3071-131002,114,131,131,,3071-131002,09商業與管理群
114-3071-131003,114,131,131,,3071-131003,09商業與管理群
114-3071-131004,114,131,131,,3071-131004,09商業與管理群
114-3071-131007,114,131,131,,3071-131007,09商業與管理群
114-3071-131008,114,131,131,,3071-131008,09商業與管理群
114-3071-131009,114,131,131,,3071-131009,09商業與管理群
114-3071-131010,114,131,131,,3071-131010,09商業與管理群
114-3071-131011,114,131,131,,3071-131011,09商業與管理群
114-3071-131012,114,131,131,,3071-131012,09商業與管理群
114-3071-131013,114,131,131,,3071-131013,09商業與管理群
114-3071-131014,114,131,131,,3071-131014,09商業與管理群
114-3071-131015,114,131,131,,3071-131015,09商業與管理群
114-3071-131016,114,131,131,,3071-131016,09商業與管理群
114-3071-233025,114,233,233,,3071-233025,09商業與管理群
114-3071-233026,114,233,233,,3071-233026,09商業與管理群
114-3071-233027,114,233,233,,3071-233027,09商業與管理群
114-3071-233028,114,233,233,,3071-233028,09商業與管理群
114-3071-233029,114,233,233,,3071-233029,09商業與管理群
114-3071-233030,114,233,233,,3071-233030,09商業與管理群
114-3071-233031,114,233,233,,3071-233031,09商業與管理群
114-3071-233032,114,233,233,,3071-233032,09商業與管理群
114-3071-233033,114,233,233,,3071-233033,09商業與管理群
114-3071-233034,114,233,233,,3071-233034,53商管外語群(一)
114-3071-233036,114,233,233,,3071-233036,09商業與管理群
114-3071-234001,114,233,233,,3071-234001,09商業與管理群
114-3071-234002,114,233,233,,3071-234002,09商業與管理群
114-3071-234003,114,233,233,,3071-234003,09商業與管理群
114-3071-234004,114,233,233,,3071-234004,09商業與管理群
114-3071-234005,114,233,233,,3071-234005,09商業與管理群
114-3071-234006,114,233,233,,3071-234006,09商業與管理群
114-3071-234007,114,233,233,,3071-234007,09商業與管理群
114-3071-234008,114,233,233,,3071-234008,09商業與管理群
114-3071-234009,114,233,233,,3071-234009,09商業與管理群
114-3071-234010,114,233,233,,3071-234010,09商業與管理群
114-3071-234012,114,233,233,,3071-234012,09商業與管理群
114-3071-234014,114,233,233,,3071-234014,09商業與管理群
114-3071-234016,114,233,233,,3071-234016,09商業與管理群
114-3071-234017,114,233,233,,3071-234017,09商業與管理群
114-3071-234020,114,233,233,,3071-234020,09商業與管理群
114-3071-234021,114,233,233,,3071-234021,09商業與管理群
114-3071-234023,114,233,233,,3071-234023,09商業與管理群
114-3071-234024,114,233,233,,3071-234024,09商業與管理群
114-3071-234025,114,233,233,,3071-234025,09商業與管理群
114-3071-234026,114,234,234,,3071-234026,09商業與管理群
114-3071-234027,114,234,234,,3071-234027,09商業與管理群
114-3071-234029,114,234,234,,3071-234029,09商業與管理群
114-3071-234030,114,234,234,,3071-234030,09商業與管理群
114-3071-234031,114,234,234,,3071-234031,09商業與管理群
114-3071-234032,114,234,234,,3071-234032,09商業與管理群
114-3071-234033,114,234,234,,3071-234033,09商業與管理群
114-3071-234034,114,234,234,,3071-234034,09商業與管理群
114-3071-234035,114,234,234,,3071-234035,09商業與管理群
114-3071-234036,114,234,234,,3071-234036,09商業與管理群
114-3071-235001,114,234,234,,3071-235001,09商業與管理群
114-3071-235002,114,234,234,,3071-235002,09商業與管理群
114-3071-235003,114,234,234,,3071-235003,09商業與管理群
114-3071-235004,114,234,234,,3071-235004,15外語群英語類
114-3071-235005,114,234,234,,3071-235005,09商業與管理群
114-3071-235006,114,234,234,,3071-235006,09商業與管理群
114-3071-235007,114,234,234,,3071-235007,09商業與管理群
114-3071-235009,114,234,234,,3071-235009,09商業與管理群
114-3071-235010,114,234,234,,3071-235010,09商業與管理群
114-3071-235011,114,234,234,,3071-235011,09商業與管理群
114-3071-235012,114,234,234,,3071-235012,09商業與管理群
114-3071-235014,114,234,234,,3071-235014,09商業與管理群
114-3071-235015,114,234,234,,3071-235015,09商業與管理群
114-3071-235016,114,234,234,,3071-235016,09商業與管理群
114-3071-235017,114,234,234,,3071-235017,09商業與管理群
114-3071-235018,114,234,234,,3071-235018,09商業與管理群
114-3071-235019,114,234,234,,3071-235019,09商業與管理群
114-3071-235020,114,234,234,,3071-235020,09商業與管理群
114-3071-235021,114,234,234,,3071-235021,09商業與管理群
114-3071-235022,114,234,234,,3071-235022,52家政群
114-3071-235023,114,234,234,,3071-235023,09商業與管理群
114-3071-235024,114,234,234,,3071-235024,09商業與管理群
114-3071-235025,114,235,235,,3071-235025,09商業與管理群
114-3071-235026,114,235,235,,3071-235026,09商業與管理群
114-3071-235027,114,235,235,,3071-235027,09商業與管理群
114-3071-235028,114,235,235,,3071-235028,09商業與管理群
114-3071-235029,114,235,235,,3071-235029,09商業與管理群
114-3071-235030,114,235,235,,3071-235030,09商業與管理群
114-3071-235031,114,235,235,,3071-235031,09商業與管理群
114-3071-235032,114,235,235,,3071-235032,09商業與管理群
114-3071-235033,114,235,235,,3071-235033,09商業與管理群
114-3071-235035,114,235,235,,3071-235035,09商業與管理群
114-3071-235036,114,235,235,,3071-235036,09商業與管理群
114-3071-235037,114,235,235,,3071-235037,09商業與管理群
114-3071-331001,114,235,235,,3071-331001,09商業與管理群
114-3071-331002,114,235,235,,3071-331002,09商業與管理群
114-3071-331003,114,235,235,,3071-331003,09商業與管理群
114-3071-331004,114,235,235,,3071-331004,09商業與管理群
114-3071-331005,114,235,235,,3071-331005,09商業與管理群
114-3071-331006,114,235,235,,3071-331006,09商業與管理群
114-3071-331007,114,235,235,,3071-331007,09商業與管理群
114-3071-331008,114,235,235,,3071-331008,09商業與管理群
114-3071-331009,114,235,235,,3071-331009,09商業與管理群
114-3071-331010,114,235,235,,3071-331010,09商業與管理群
114-3071-331011,114,235,235,,3071-331011,09商業與管理群
114-3071-331012,114,235,235,,3071-331012,09商業與管理群
114-3071-331013,114,235,235,,3071-331013,09商業與管理群
114-3071-331014,114,235,235,,3071-331014,09商業與管理群
114-3071-431002,114,235,235,,3071-431002,09商業與管理群
114-3071-431003,114,235,235,,3071-431003,09商業與管理群
114-3071-431004,114,235,235,,3071-431004,09商業與管理群
114-3071-431005,114,235,235,,3071-431005,09商業與管理群
114-3071-431006,114,235,235,,3071-431006,09商業與管理群
114-3071-431007,114,235,235,,3071-431007,09商業與管理群
114-3071-431008,114,235,235,,3071-431008,09商業與管理群
114-3071-431010,114,235,235,,3071-431010,09商業與管理群
114-3071-431011,114,431,431,,3071-431011,09商業與管理群
114-3071-431012,114,431,431,,3071-431012,09商業與管理群
114-3071-431013,114,431,431,,3071-431013,09商業與管理群
114-3071-431014,114,431,431,,3071-431014,09商業與管理群
114-3071-431015,114,431,431,,3071-431015,09商業與管理群
114-3071-431016,114,431,431,,3071-431016,09商業與管理群
114-3071-431017,114,431,431,,3071-431017,09商業與管理群
114-3071-431018,114,431,431,,3071-431018,09商業與管理群
114-3071-431019,114,431,431,,3071-431019,09商業與管理群
114-3071-431020,114,431,431,,3071-431020,09商業與管理群
114-3071-431021,114,431,431,,3071-431021,09商業與管理群
114-3071-431022,114,431,431,,3071-431022,09商業與管理群
114-3071-431023,114,431,431,,3071-431023,09商業與管理群
114-3071-431024,114,431,431,,3071-431024,09商業與管理群
114-3071-431026,114,431,431,,3071-431026,09商業與管理群
114-3071-431027,114,431,431,,3071-431027,09商業與管理群
114-3071-431028,114,431,431,,3071-431028,09商業與管理群
114-3071-431029,114,431,431,,3071-431029,09商業與管理群
114-3071-431030,114,431,431,,3071-431030,09商業與管理群
114-3071-431031,114,431,431,,3071-431031,09商業與管理群
114-3071-431032,114,431,431,,3071-431032,09商業與管理群
114-3071-431033,114,431,431,,3071-431033,09商業與管理群
114-3071-431034,114,431,431,,3071-431034,09商業與管理群
114-3071-431035,114,431,431,,3071-431035,09商業與管理群
114-3071-431036,114,431,431,,3071-431036,09商業與管理群
114-3071-431037,114,431,431,,3071-431037,09商業與管理群
114-3071-431038,114,431,431,,3071-431038,09商業與管理群
114-3071-432001,114,431,431,,3071-432001,09商業與管理群
114-3071-432002,114,431,431,,3071-432002,09商業與管理群
114-3071-432003,114,431,431,,3071-432003,09商業與管理群
114-3071-432004,114,431,431,,3071-432004,09商業與管理群
114-3071-432005,114,431,431,,3071-432005,09商業與管理群
114-3071-432006,114,431,431,,3071-432006,09商業與管理群
114-3071-432007,114,431,431,,3071-432007,09商業與管理群
114-3071-432008,114,431,431,,3071-432008,09商業與管理群
114-3071-432009,114,431,431,,3071-432009,09商業與管理群
114-3071-432010,114,431,431,,3071-432010,09商業與管理群
114-3071-432012,114,432,432,,3071-432012,09商業與管理群
114-3071-432013,114,432,432,,3071-432013,09商業與管理群
114-3071-432014,114,432,432,,3071-432014,09商業與管理群
114-3071-432015,114,432,432,,3071-432015,09商業與管理群
114-3071-432016,114,432,432,,3071-432016,09商業與管理群
114-3071-432017,114,432,432,,3071-432017,09商業與管理群
114-3071-432018,114,432,432,,3071-432018,09商業與管理群
114-3071-432019,114,432,432,,3071-432019,09商業與管理群
114-3071-432020,114,432,432,,3071-432020,20藝術群影視類
114-3071-432021,114,432,432,,3071-432021,09商業與管理群
114-3071-432023,114,432,432,,3071-432023,09商業與管理群
114-3071-432024,114,432,432,,3071-432024,09商業與管理群
114-3071-432025,114,432,432,,3071-432025,09商業與管理群
114-3071-432026,114,432,432,,3071-432026,09商業與管理群
114-3071-432028,114,432,432,,3071-432028,09商業與管理群
114-3071-432029,114,432,432,,3071-432029,7設計群
114-3071-432030,114,432,432,,3071-432030,09商業與管理群
114-3071-432031,114,432,432,,3071-432031,09商業與管理群
114-3071-432032,114,432,432,,3071-432032,09商業與管理群
114-3071-432033,114,432,432,,3071-432033,09商業與管理群
114-3071-432034,114,432,432,,3071-432034,09商業與管理群
114-3071-432035,114,432,432,,3071-432035,09商業與管理群
114-3071-432036,114,432,432,,3071-432036,09商業與管理群
114-3071-432038,114,432,432,,3071-432038,09商業與管理群
114-3071-433001,114,432,432,,3071-433001,09商業與管理群
114-3071-433002,114,432,432,,3071-433002,09商業與管理群
114-3071-433003,114,432,432,,3071-433003,09商業與管理群
114-3071-433004,114,432,432,,3071-433004,09商業與管理群
114-3071-433005,114,432,432,,3071-433005,09商業與管理群
114-3071-433006,114,432,432,,3071-433006,09商業與管理群
114-3071-433007,114,432,432,,3071-433007,09商業與管理群
114-3071-433008,114,432,432,,3071-433008,09商業與管理群
114-3071-433009,114,432,432,,3071-433009,09商業與管理群
114-3071-433010,114,432,432,,3071-433010,09商業與管理群
114-3071-433011,114,433,433,,3071-433011,09商業與管理群
114-3071-433013,114,433,433,,3071-433013,09商業與管理群
114-3071-433017,114,433,433,,3071-433017,09商業與管理群
114-3071-433018,114,433,433,,3071-433018,09商業與管理群
114-3071-433019,114,433,433,,3071-433019,09商業與管理群
114-3071-433020,114,433,433,,3071-433020,09商業與管理群
114-3071-433021,114,433,433,,3071-433021,09商業與管理群
114-3071-433022,114,433,433,,3071-433022,09商業與管理群
114-3071-433023,114,433,433,,3071-433023,09商業與管理群
114-3071-433024,114,433,433,,3071-433024,09商業與管理群
114-3071-433025,114,433,433,,3071-433025,09商業與管理群
114-3071-433026,114,433,433,,3071-433026,09商業與管理群
114-3071-433027,114,433,433,,3071-433027,09商業與管理群
114-3071-433028,114,433,433,,3071-433028,09商業與管理群
114-3071-433029,114,433,433,,3071-433029,09商業與管理群
114-3071-433030,114,433,433,,3071-433030,09商業與管理群
114-3071-433031,114,433,433,,3071-433031,09商業與管理群
114-3071-433032,114,433,433,,3071-433032,16外語群日語類
114-3071-433033,114,433,433,,3071-433033,09商業與管理群
114-3071-433034,114,433,433,,3071-433034,09商業與管理群
114-3071-433035,114,433,433,,3071-433035,15外語群英語類
114-3071-433037,114,433,433,,3071-433037,09商業與管理群
114-3071-433038,114,433,433,,3071-433038,09商業與管理群
114-3071-532013,114,433,433,,3071-532013,17餐旅群
114-3071-631014,114,433,433,,3071-631014,10衛生與護理類
114-3071-631019,114,433,433,,3071-631019,10衛生與護理類
114-3071-631036,114,433,433,,3071-631036,10衛生與護理類
114-3071-632035,114,433,433,,3071-632035,09商業與管理群
114-433-黃翊瑄,114,433,433,,,
114-433-楊雅惠,114,433,433,,,
114-433-葉庭妤,114,433,433,,,
114-433-劉又瑄,114,433,433,,,
114-433-劉亭妤,114,433,433,,,
114-433-劉栩晴,114,433,433,,,
114-433-盧沛渝,114,433,433,,,
114-433-簡珮如,114,433,433,,,
114-634-詹婉暄,114,634,634,,,
